Title,Rating,Date
"Sony WH-1000XM5 Wireless Industry Leading Noise Cancelling Headphones with Auto Noise Cancelling Optimizer, Crystal Clear Hands-Free Calling, and Alexa Voice Control, Black","2,838",2022-11-27
"Sony WH-1000XM5 Wireless Industry Leading Noise Cancelling Headphones with Auto Noise Cancelling Optimizer, Crystal Clear Hands-Free Calling, and Alexa Voice Control, Black","2,838",2022-11-27
"Sony WH-1000XM5 Wireless Industry Leading Noise Cancelling Headphones with Auto Noise Cancelling Optimizer, Crystal Clear Hands-Free Calling, and Alexa Voice Control, Black","2,838",2022-11-27
"Sony WH-1000XM5 Wireless Industry Leading Noise Cancelling Headphones with Auto Noise Cancelling Optimizer, Crystal Clear Hands-Free Calling, and Alexa Voice Control, Black","2,838",2022-11-27
"Sony WH-1000XM5 Wireless Industry Leading Noise Cancelling Headphones with Auto Noise Cancelling Optimizer, Crystal Clear Hands-Free Calling, and Alexa Voice Control, Black","2,839",2022-11-27
"Sony WH-1000XM5 Wireless Industry Leading Noise Cancelling Headphones with Auto Noise Cancelling Optimizer, Crystal Clear Hands-Free Calling, and Alexa Voice Control, Black","2,839",2022-11-27
"Sony WH-1000XM5 Wireless Industry Leading Noise Cancelling Headphones with Auto Noise Cancelling Optimizer, Crystal Clear Hands-Free Calling, and Alexa Voice Control, Black","2,839",2022-11-27
"Sony WH-1000XM5 Wireless Industry Leading Noise Cancelling Headphones with Auto Noise Cancelling Optimizer, Crystal Clear Hands-Free Calling, and Alexa Voice Control, Black","2,839",2022-11-27
"Sony WH-1000XM5 Wireless Industry Leading Noise Cancelling Headphones with Auto Noise Cancelling Optimizer, Crystal Clear Hands-Free Calling, and Alexa Voice Control, Black","2,839",2022-11-27
"Sony WH-1000XM5 Wireless Industry Leading Noise Cancelling Headphones with Auto Noise Cancelling Optimizer, Crystal Clear Hands-Free Calling, and Alexa Voice Control, Black","2,839",2022-11-27
"Sony WH-1000XM5 Wireless Industry Leading Noise Cancelling Headphones with Auto Noise Cancelling Optimizer, Crystal Clear Hands-Free Calling, and Alexa Voice Control, Black","2,839",2022-11-27
"Sony WH-1000XM5 Wireless Industry Leading Noise Cancelling Headphones with Auto Noise Cancelling Optimizer, Crystal Clear Hands-Free Calling, and Alexa Voice Control, Black","2,839",2022-11-27
"Sony WH-1000XM5 Wireless Industry Leading Noise Cancelling Headphones with Auto Noise Cancelling Optimizer, Crystal Clear Hands-Free Calling, and Alexa Voice Control, Black","2,839",2022-11-27
"Sony WH-1000XM5 Wireless Industry Leading Noise Cancelling Headphones with Auto Noise Cancelling Optimizer, Crystal Clear Hands-Free Calling, and Alexa Voice Control, Black","2,839",2022-11-27
